Plate_ID,RNA_copies,RNA_origin,spike_copies,lysate,nCoV_amplicon,nCoV_primer_nM,RPP30_primer_nM,RPP30_inner_primer_nM,bc_set,RT_temp,PCR_cycles,Sample_Well,Sample_ID,index,index2,bc_len
Plate4,0,ATCC_Virus,100,SAM1,RPP30,400,50,100,N1_S2_RPP30,64,40,A01,Plate4-A01,CTACAGCAAG,AACAAGGCGT,26
Plate4,0,ATCC_Virus,100,SAM1,S2,400,50,100,N1_S2_RPP30,64,40,A02,Plate4-A02,GCTCCGAATT,ACACATAGCG,26
Plate4,0,ATCC_Virus,100,SAM2,RPP30,400,50,100,N1_S2_RPP30,64,40,A13,Plate4-A13,CTCGCTATGT,GATCCGACAG,26
Plate4,0,ATCC_Virus,100,SAM2,S2,400,50,100,N1_S2_RPP30,64,40,A12,Plate4-A12,TGGCTAGGTA,CCTATCGACA,26
Plate4,0,ATCC_Virus,100,SAM3,RPP30,400,50,100,N1_S2_RPP30,64,40,A23,Plate4-A23,CCGATAGGTC,GCGACGATTC,26
Plate4,0,ATCC_Virus,100,SAM3,S2,400,50,100,N1_S2_RPP30,64,40,A24,Plate4-A24,TCCTCATTCT,AAGATGTCCT,26
Plate4,0,ATCC_Virus,100,SAM5,RPP30,400,50,100,N1_S2_RPP30,64,40,A35,Plate4-A35,AGGCCACTTC,ATGGCTGTGT,26
Plate4,0,ATCC_Virus,100,SAM5,S2,400,50,100,N1_S2_RPP30,64,40,A34,Plate4-A34,CAACCTGTCC,TTCAGACTCT,26
Plate4,0,ATCC_Virus,100,SAM6,RPP30,400,50,100,N1_S2_RPP30,64,40,A45,Plate4-A45,ATGTTCTCAG,AGGCGGAGAT,26
Plate4,0,ATCC_Virus,100,SAM6,S2,400,50,100,N1_S2_RPP30,64,40,A46,Plate4-A46,GTTACATCGG,CGTTATCTCA,26
Plate4,0,ATCC_Virus,100,SAM7,S2,400,50,100,N1_S2_RPP30,64,40,A56,Plate4-A56,GCTATGACTG,CACGTATCGT,26
Plate4,0,ATCC_Virus,100,SAM8,RPP30,400,50,100,N1_S2_RPP30,64,40,A57,Plate4-A57,GCATAGACGA,AACAACACAC,26
Plate4,0.071127369,ATCC_Virus,100,SAM1,RPP30,400,50,100,N1_S2_RPP30,64,40,A03,Plate4-A03,CAAGCGTTCG,ACTACATTGC,26
Plate4,0.071127369,ATCC_Virus,100,SAM1,RPP30,400,50,100,N1_S2_RPP30,64,40,A07,Plate4-A07,TGAGTCACAA,AAGCTTAGGA,26
Plate4,0.071127369,ATCC_Virus,100,SAM1,S2,400,50,100,N1_S2_RPP30,64,40,A04,Plate4-A04,TTCGAGTGCA,GGTTCTTCGT,26
Plate4,0.071127369,ATCC_Virus,100,SAM1,S2,400,50,100,N1_S2_RPP30,64,40,A08,Plate4-A08,GAGACTCCAA,GACGACAATC,26
Plate4,0.071127369,ATCC_Virus,100,SAM2,RPP30,400,50,100,N1_S2_RPP30,64,40,A15,Plate4-A15,TTGGTAATGG,ACCTTCCTTG,26
Plate4,0.071127369,ATCC_Virus,100,SAM2,S2,400,50,100,N1_S2_RPP30,64,40,A14,Plate4-A14,ACGATGAGTC,TCATGGTGGT,26
Plate4,0.071127369,ATCC_Virus,100,SAM3,RPP30,400,50,100,N1_S2_RPP30,64,40,A19,Plate4-A19,GGTACGGACT,GACTTACGCC,26
Plate4,0.071127369,ATCC_Virus,100,SAM3,S2,400,50,100,N1_S2_RPP30,64,40,A18,Plate4-A18,CTAATCTCCT,CTATCTCAGC,26
Plate4,0.071127369,ATCC_Virus,100,SAM4,RPP30,400,50,100,N1_S2_RPP30,64,40,A25,Plate4-A25,ACGAAGAACC,TGCACTCGAA,26
Plate4,0.071127369,ATCC_Virus,100,SAM4,RPP30,400,50,100,N1_S2_RPP30,64,40,A29,Plate4-A29,AGGAACAGTC,CGTCCTTGTT,26
Plate4,0.071127369,ATCC_Virus,100,SAM4,S2,400,50,100,N1_S2_RPP30,64,40,A26,Plate4-A26,GCTACTATGT,TAACATGCCA,26
Plate4,0.071127369,ATCC_Virus,100,SAM4,S2,400,50,100,N1_S2_RPP30,64,40,A30,Plate4-A30,TAAGCGCTCA,CTTAGTCAGG,26
Plate4,0.071127369,ATCC_Virus,100,SAM5,RPP30,400,50,100,N1_S2_RPP30,64,40,A37,Plate4-A37,ATAACCATGC,TCACCGATGG,26
Plate4,0.071127369,ATCC_Virus,100,SAM5,S2,400,50,100,N1_S2_RPP30,64,40,A36,Plate4-A36,TACTGTTGCC,TGGTTCATCA,26
Plate4,0.071127369,ATCC_Virus,100,SAM5,S2,400,50,100,N1_S2_RPP30,64,40,A40,Plate4-A40,TACCTCATCG,CCGTTCTTCA,26
Plate4,0.071127369,ATCC_Virus,100,SAM6,RPP30,400,50,100,N1_S2_RPP30,64,40,A41,Plate4-A41,TGACGGAAGG,ACTCGTACTT,26
Plate4,0.071127369,ATCC_Virus,100,SAM6,RPP30,400,50,100,N1_S2_RPP30,64,40,A47,Plate4-A47,GCTGATTATG,ATTCGCAACC,26
Plate4,0.071127369,ATCC_Virus,100,SAM6,S2,400,50,100,N1_S2_RPP30,64,40,A48,Plate4-A48,GAGTGTCTAA,ACGACACTTC,26
Plate4,0.071127369,ATCC_Virus,100,SAM7,RPP30,400,50,100,N1_S2_RPP30,64,40,A51,Plate4-A51,CTCATGACAC,GTGAACATTC,26
Plate4,0.071127369,ATCC_Virus,100,SAM7,S2,400,50,100,N1_S2_RPP30,64,40,A52,Plate4-A52,GTATCACTCC,ACGCATGGAA,26
Plate4,0.071127369,ATCC_Virus,100,SAM8,RPP30,400,50,100,N1_S2_RPP30,64,40,A59,Plate4-A59,CTGTACTAGG,CCAGGTACTA,26
Plate4,0.071127369,ATCC_Virus,100,SAM8,S2,400,50,100,N1_S2_RPP30,64,40,A58,Plate4-A58,AAGGTTCACA,GCGGACGATA,26
Plate4,0.213382106,ATCC_Virus,100,SAM1,RPP30,400,50,100,N1_S2_RPP30,64,40,A05,Plate4-A05,TCACCGCAAC,CCATGGTGAA,26
Plate4,0.213382106,ATCC_Virus,100,SAM1,S2,400,50,100,N1_S2_RPP30,64,40,A06,Plate4-A06,GTGAGTCTGT,GCACTCAATT,26
Plate4,0.213382106,ATCC_Virus,100,SAM2,RPP30,400,50,100,N1_S2_RPP30,64,40,A09,Plate4-A09,TAACACGGAC,ACGACGCCTA,26
Plate4,0.213382106,ATCC_Virus,100,SAM2,RPP30,400,50,100,N1_S2_RPP30,64,40,A11,Plate4-A11,TTCTCTCCTG,CGGCATGATC,26
Plate4,0.213382106,ATCC_Virus,100,SAM2,S2,400,50,100,N1_S2_RPP30,64,40,A10,Plate4-A10,GATGCATAAG,CGTCAATGCG,26
Plate4,0.213382106,ATCC_Virus,100,SAM2,S2,400,50,100,N1_S2_RPP30,64,40,A16,Plate4-A16,TGGCCATTAC,AACGTGCTAT,26
Plate4,0.213382106,ATCC_Virus,100,SAM3,RPP30,400,50,100,N1_S2_RPP30,64,40,A17,Plate4-A17,AGGAGTGTAG,ACATTGAGAC,26
Plate4,0.213382106,ATCC_Virus,100,SAM3,RPP30,400,50,100,N1_S2_RPP30,64,40,A21,Plate4-A21,TATGACAGCC,ATGCGTACAA,26
Plate4,0.213382106,ATCC_Virus,100,SAM3,S2,400,50,100,N1_S2_RPP30,64,40,A20,Plate4-A20,GACAATGACT,CTTAGCGAGT,26
Plate4,0.213382106,ATCC_Virus,100,SAM3,S2,400,50,100,N1_S2_RPP30,64,40,A22,Plate4-A22,CAGCATTGCA,CTTCTAGCAT,26
Plate4,0.213382106,ATCC_Virus,100,SAM4,RPP30,400,50,100,N1_S2_RPP30,64,40,A27,Plate4-A27,CCTATAAGGT,TATCGTCATC,26
Plate4,0.213382106,ATCC_Virus,100,SAM4,RPP30,400,50,100,N1_S2_RPP30,64,40,A31,Plate4-A31,TCAGCCTAAT,GTTCATCAAG,26
Plate4,0.213382106,ATCC_Virus,100,SAM4,S2,400,50,100,N1_S2_RPP30,64,40,A28,Plate4-A28,GGTACGTCAC,TCGCCTTCAG,26
Plate4,0.213382106,ATCC_Virus,100,SAM4,S2,400,50,100,N1_S2_RPP30,64,40,A32,Plate4-A32,TTGCACTCGG,AGCGATCTAA,26
Plate4,0.213382106,ATCC_Virus,100,SAM5,RPP30,400,50,100,N1_S2_RPP30,64,40,A33,Plate4-A33,TGACTGAGTT,ATTGCATGCT,26
Plate4,0.213382106,ATCC_Virus,100,SAM5,RPP30,400,50,100,N1_S2_RPP30,64,40,A39,Plate4-A39,TCAGTAAGCT,AGCTATGCCA,26
Plate4,0.213382106,ATCC_Virus,100,SAM5,S2,400,50,100,N1_S2_RPP30,64,40,A38,Plate4-A38,TTATCGTTGC,CGATTCCTCG,26
Plate4,0.213382106,ATCC_Virus,100,SAM6,RPP30,400,50,100,N1_S2_RPP30,64,40,A43,Plate4-A43,CATGCAGATT,TCCTTAAGCC,26
Plate4,0.213382106,ATCC_Virus,100,SAM6,S2,400,50,100,N1_S2_RPP30,64,40,A42,Plate4-A42,GGTTGCCATG,CTGACTATCG,26
Plate4,0.213382106,ATCC_Virus,100,SAM6,S2,400,50,100,N1_S2_RPP30,64,40,A44,Plate4-A44,AACAGTCGAT,AACAACGAGA,26
Plate4,0.213382106,ATCC_Virus,100,SAM7,RPP30,400,50,100,N1_S2_RPP30,64,40,A49,Plate4-A49,ACCGCTGTAC,TCAGAGCTGT,26
Plate4,0.213382106,ATCC_Virus,100,SAM7,RPP30,400,50,100,N1_S2_RPP30,64,40,A53,Plate4-A53,TCCTGGTGAC,CTGGTCCGAA,26
Plate4,0.213382106,ATCC_Virus,100,SAM7,RPP30,400,50,100,N1_S2_RPP30,64,40,A55,Plate4-A55,CATGTTATGC,CTAAGAGACC,26
Plate4,0.213382106,ATCC_Virus,100,SAM7,S2,400,50,100,N1_S2_RPP30,64,40,A50,Plate4-A50,CAGAGAATCT,ATGACAGTCG,26
Plate4,0.213382106,ATCC_Virus,100,SAM7,S2,400,50,100,N1_S2_RPP30,64,40,A54,Plate4-A54,TTCGCCACAG,ATGTTCTGAG,26
